<?xml version="1.0" encoding="utf-8"?>
<install version="1.5" type="plugin" group="system" method="upgrade">
	<name>System - jUpgrade</name>
	<author>Matias Aguirre</author>
	<creationDate>28/Jun/2012</creationDate>
	<copyright>Copyright (C) 2005 - 2012 Matware. All rights reserved.</copyright>
	<license>http://www.gnu.org/licenses/gpl-2.0.html GNU/GPL</license>
	<authorEmail>maguirre@matware.com.ar</authorEmail>
	<authorUrl>http://www.matware.com.ar</authorUrl>
	<version>3.0</version>
	<description>REST WebService for jUpgrade</description>
	<files>
		<filename plugin="jupgrade">jupgrade.php</filename>
		<folder>jupgrade</folder>
        </files>
        <params>
          <param name="client_key" type="password" default="" label="Key of the client side" description="Key of the client side" />
        </params>
</install>
